pair,timestamp,candle_index,rsi,ma_gap_pct,entry_price,exit_price,pct_change,action,raw_confidence,calibrated_confidence,was_correct,n_retrieved,n_retrieved_graded
BTC/USDT,1737561600.0,520,39.3,-0.4808,103704.64,104321.1,0.5944382045007884,SELL,47,59,False,3,3
BTC/USDT,1737565200.0,521,45.76,-0.5695,104345.8,104088.03,-0.24703437991754731,SELL,49,40,False,3,3
BTC/USDT,1737568800.0,522,42.35,-0.6805,103896.01,103866.79,-0.028124275417315034,SELL,50,80,False,3,3
BTC/USDT,1737572400.0,523,49.02,-0.7196,104630.0,103706.66,-0.8824811239606198,SELL,51,26,True,3,2
BTC/USDT,1737576000.0,524,46.58,-0.831,104321.1,103307.51,-0.9716059359036772,SELL,52,26,True,3,2
BTC/USDT,1737579600.0,525,44.77,-0.9317,104088.03,102931.94,-1.110684869336077,SELL,54,42,True,3,3
BTC/USDT,1737583200.0,526,43.06,-1.0311,103866.79,102655.34,-1.166349706195789,SELL,55,82,True,3,3
BTC/USDT,1737586800.0,527,41.81,-0.9887,103706.66,102461.25,-1.2008968372908773,SELL,55,62,True,3,3
BTC/USDT,1737590400.0,528,38.79,-0.9804,103307.51,102075.22,-1.1928368034424541,SELL,55,42,True,3,3
BTC/USDT,1737594000.0,529,36.15,-0.9704,102931.94,102532.52,-0.3880428174189647,SELL,55,22,False,3,3
BTC/USDT,1737597600.0,530,34.3,-0.9608,102655.34,102256.7,-0.3883285565076297,SELL,54,52,False,3,2
BTC/USDT,1737601200.0,531,33.02,-1.0049,102461.25,102710.27,0.24303822176676948,SELL,55,70,False,3,1
BTC/USDT,1737604800.0,532,30.58,-1.0554,102075.22,102215.75,0.13767298272783426,SELL,56,37,False,3,1
BTC/USDT,1737608400.0,533,36.56,-1.1422,102532.52,101672.01,-0.8392556820021679,SELL,57,23,True,3,3
BTC/USDT,1737612000.0,534,34.62,-1.2235,102256.7,101683.61,-0.5604424942326484,SELL,58,29,True,3,2
BTC/USDT,1737615600.0,535,40.24,-1.2581,102710.27,101944.49,-0.7455729597439466,SELL,59,24,True,3,3
BTC/USDT,1737619200.0,536,36.55,-1.3103,102215.75,101635.58,-0.5675935460044057,SELL,60,40,True,3,1
BTC/USDT,1737622800.0,537,32.98,-1.3817,101672.01,102512.28,0.826451645836454,SELL,61,44,False,3,3
BTC/USDT,1737626400.0,538,33.13,-1.4148,101683.61,105213.5,3.47144441468984,SELL,61,56,False,3,2
BTC/USDT,1737630000.0,539,36.57,-1.3914,101944.49,105263.52,3.2557227958077957,SELL,61,41,False,3,1
BTC/USDT,1737633600.0,540,34.32,-1.371,101635.58,105139.18,3.4472179919669776,SELL,61,61,False,3,0
BTC/USDT,1737637200.0,541,44.73,-1.2843,102512.28,105927.78,3.3317959565429627,SELL,59,44,False,3,3
BTC/USDT,1737640800.0,542,63.78,-0.9792,105213.5,105424.39,0.2004400575971709,SELL,55,42,False,3,3
BTC/USDT,1737644400.0,543,64.03,-0.7241,105263.52,103770.04,-1.4188011193241594,SELL,51,20,True,3,3
BTC/USDT,1737648000.0,544,62.88,-0.4454,105139.18,103284.48,-1.7640426718184383,SELL,47,19,True,3,3
BTC/USDT,1737651600.0,545,66.93,-0.161,105927.78,103079.08,-2.6892850959398915,SELL,42,17,True,3,3
BTC/USDT,1737655200.0,546,62.26,0.1443,105424.39,103978.82,-1.3711912395224601,BUY,42,77,False,3,3
BTC/USDT,1737658800.0,547,49.92,0.3568,103770.04,103910.34,0.13520280034584445,BUY,45,18,False,3,3
BTC/USDT,1737662400.0,548,46.98,0.5474,103284.48,103446.62,0.1569838953538803,BUY,48,39,False,3,3
BTC/USDT,1737666000.0,549,45.75,0.6929,103079.08,103234.3,0.15058341615000945,BUY,50,40,False,3,3
BTC/USDT,1737669600.0,550,51.71,0.9105,103978.82,103016.01,-0.9259674229809611,BUY,54,22,False,3,3
BTC/USDT,1737673200.0,551,51.25,1.0599,103910.34,103891.75,-0.01789042360942762,BUY,56,42,False,3,3
BTC/USDT,1737676800.0,552,48.12,0.9036,103446.62,104631.99,1.1458760083219828,BUY,54,62,True,3,3
BTC/USDT,1737680400.0,553,46.71,0.7527,103234.3,105222.15,1.9255712490906522,BUY,51,20,True,3,3
BTC/USDT,1737684000.0,554,45.25,0.5896,103016.01,104991.01,1.9171777280055793,BUY,49,40,True,3,3
BTC/USDT,1737687600.0,555,51.78,0.3989,103891.75,105046.8,1.1117822156234762,BUY,46,18,True,3,3
BTC/USDT,1737691200.0,556,56.5,0.2974,104631.99,105500.76,0.8303101183490723,BUY,44,38,True,3,3
BTC/USDT,1737694800.0,557,59.88,0.3888,105222.15,105146.67,-0.07173394575191244,BUY,46,18,False,3,3
BTC/USDT,1737698400.0,558,57.98,0.4994,104991.01,105416.75,0.4055013853090901,BUY,47,39,False,3,3
BTC/USDT,1737702000.0,559,58.32,0.6211,105046.8,105420.1,0.35536541808032507,BUY,49,40,False,3,3
BTC/USDT,1737705600.0,560,61.11,0.6758,105500.76,105526.58,0.02447375734545134,BUY,50,20,False,3,3
BTC/USDT,1737709200.0,561,57.86,0.7082,105146.67,105118.07,-0.027200100583300704,BUY,51,40,False,3,3
BTC/USDT,1737712800.0,562,59.62,0.7899,105416.75,105758.0,0.3237151591184513,BUY,52,21,False,3,3
BTC/USDT,1737716400.0,563,59.65,0.9069,105420.1,105859.98,0.41726388041748214,BUY,54,22,False,3,3
BTC/USDT,1737720000.0,564,60.4,1.0426,105526.58,105645.89,0.11306156230970214,BUY,56,42,False,3,3
BTC/USDT,1737723600.0,565,56.06,1.0825,105118.07,106458.46,1.2751280536257936,BUY,56,22,True,3,3
BTC/USDT,1737727200.0,566,60.81,1.076,105758.0,106327.72,0.538701563947882,BUY,56,53,True,3,2
BTC/USDT,1737730800.0,567,61.53,1.0019,105859.98,105760.94,-0.0935575464873445,BUY,55,22,False,3,3
BTC/USDT,1737734400.0,568,59.09,0.9369,105645.89,104859.11,-0.7447331836572145,BUY,54,22,False,3,3
BTC/USDT,1737738000.0,569,64.79,0.9267,106458.46,105124.61,-1.252930016083274,BUY,54,42,False,3,3
BTC/USDT,1737741600.0,570,63.26,0.8549,106327.72,104777.25,-1.458199235345215,BUY,53,41,False,3,3
BTC/USDT,1737745200.0,571,56.99,0.8094,105760.94,104870.5,-0.841936541033015,BUY,52,41,False,3,3
BTC/USDT,1737748800.0,572,48.72,0.7675,104859.11,104419.59,-0.4191528995430193,BUY,52,41,False,3,3
BTC/USDT,1737752400.0,573,50.98,0.7438,105124.61,104738.0,-0.3677635522262585,BUY,51,20,False,3,3
BTC/USDT,1737756000.0,574,48.0,0.6839,104777.25,104559.54,-0.20778365532594756,BUY,50,50,False,3,2
BTC/USDT,1737759600.0,575,48.86,0.6942,104870.5,105202.4,0.3164855702986008,BUY,50,50,False,3,2
BTC/USDT,1737763200.0,576,44.98,0.5986,104419.59,104648.0,0.21874247926083937,BUY,49,40,False,3,3
BTC/USDT,1737766800.0,577,48.12,0.4606,104738.0,104365.97,-0.35520059577230695,BUY,47,19,False,3,3
BTC/USDT,1737770400.0,578,46.51,0.3163,104559.54,104308.0,-0.24057106601654293,BUY,45,18,False,3,3
BTC/USDT,1737774000.0,579,52.63,0.1289,105202.4,104385.98,-0.7760469342904709,BUY,42,37,False,3,3
BTC/USDT,1737777600.0,580,47.58,-0.0524,104648.0,104341.98,-0.29242794893357166,SELL,41,16,False,3,3
BTC/USDT,1737781200.0,581,45.2,-0.1998,104365.97,104366.63,0.0006323900405500878,SELL,43,37,False,3,3
BTC/USDT,1737784800.0,582,44.71,-0.2795,104308.0,104540.0,0.22241822295509453,SELL,44,22,False,3,2
BTC/USDT,1737788400.0,583,45.57,-0.3863,104385.98,104670.99,0.27303475045212905,SELL,46,23,False,3,2
BTC/USDT,1737792000.0,584,45.14,-0.4696,104341.98,104753.07,0.39398332291567695,SELL,47,31,False,3,1
BTC/USDT,1737795600.0,585,45.45,-0.5326,104366.63,104717.04,0.3357490799501612,SELL,48,32,False,3,1
BTC/USDT,1737799200.0,586,47.68,-0.5182,104540.0,104600.01,0.05740386454944974,SELL,48,32,False,3,1
BTC/USDT,1737802800.0,587,49.37,-0.5072,104670.99,104897.79,0.21667894800649956,SELL,48,32,False,3,1
BTC/USDT,1737806400.0,588,50.45,-0.4813,104753.07,104654.9,-0.09371563048225011,SELL,47,31,False,3,1
BTC/USDT,1737810000.0,589,49.94,-0.5171,104717.04,104899.71,0.17444152355720982,SELL,48,48,False,3,0
BTC/USDT,1737813600.0,590,48.26,-0.4932,104600.01,104983.49,0.36661564372700395,SELL,47,31,False,3,1
BTC/USDT,1737817200.0,591,52.63,-0.4347,104897.79,105055.16,0.15002222639772478,SELL,47,31,False,3,1
BTC/USDT,1737820800.0,592,49.0,-0.3776,104654.9,104965.71,0.2969856165358834,SELL,46,23,False,3,2
BTC/USDT,1737824400.0,593,52.55,-0.3122,104899.71,105102.84,0.19364209872457233,SELL,45,18,False,3,3
BTC/USDT,1737828000.0,594,53.74,-0.2338,104983.49,105077.54,0.08958551482712983,SELL,44,18,False,3,3
BTC/USDT,1737831600.0,595,54.79,-0.1662,105055.16,104746.85,-0.2934743995440088,SELL,42,17,False,3,3
BTC/USDT,1737835200.0,596,53.17,-0.1005,104965.71,104599.96,-0.34844712620912105,SELL,42,17,False,3,3
BTC/USDT,1737838800.0,597,55.34,-0.0353,105102.84,104621.37,-0.458094186608089,SELL,41,36,False,3,3
BTC/USDT,1737842400.0,598,54.84,0.0137,105077.54,104696.25,-0.36286536590026147,BUY,40,36,False,3,3
BTC/USDT,1737846000.0,599,48.6,0.0709,104746.85,105062.42,0.3012692028447561,BUY,41,56,False,3,3
BTC/USDT,1737849600.0,600,46.09,0.1259,104599.96,105174.27,0.5490537472480846,BUY,42,17,True,3,3
BTC/USDT,1737853200.0,601,46.52,0.1359,104621.37,105094.12,0.4518675295496513,BUY,42,21,False,3,2
BTC/USDT,1737856800.0,602,48.09,0.145,104696.25,104990.75,0.2812899220363671,BUY,42,46,False,3,2
BTC/USDT,1737860400.0,603,55.05,0.1625,105062.42,104998.35,-0.06098279479950341,BUY,42,17,False,3,3
BTC/USDT,1737864000.0,604,56.95,0.1681,105174.27,105030.4,-0.13679201196263105,BUY,43,37,False,3,3
BTC/USDT,1737867600.0,605,55.15,0.1647,105094.12,104630.03,-0.4415946391672498,BUY,42,21,False,3,2
BTC/USDT,1737871200.0,606,52.84,0.1489,104990.75,104715.29,-0.26236597033548803,BUY,42,37,False,3,3
BTC/USDT,1737874800.0,607,52.99,0.1306,104998.35,104818.69,-0.17110745073613393,BUY,42,46,False,3,2
BTC/USDT,1737878400.0,608,53.69,0.1111,105030.4,104890.0,-0.13367558345011937,BUY,42,46,False,3,2
BTC/USDT,1737882000.0,609,44.76,0.1182,104630.03,104961.73,0.31702179575022305,BUY,42,37,False,3,3
BTC/USDT,1737885600.0,610,46.79,0.127,104715.29,104944.0,0.21841127499146154,BUY,42,37,False,3,3
BTC/USDT,1737889200.0,611,49.23,0.1314,104818.69,104967.01,0.14150148222611103,BUY,42,17,False,3,3
BTC/USDT,1737892800.0,612,50.9,0.1314,104890.0,104938.02,0.04578129468967878,BUY,42,17,False,3,3
BTC/USDT,1737896400.0,613,52.58,0.1035,104961.73,104945.11,-0.015834342669461855,BUY,42,17,False,3,3
BTC/USDT,1737900000.0,614,52.11,0.0623,104944.0,105175.11,0.2202222137520969,BUY,41,46,False,3,2
BTC/USDT,1737903600.0,615,52.71,0.0311,104967.01,105081.63,0.10919621317212894,BUY,40,56,False,3,3
BTC/USDT,1737907200.0,616,51.83,0.0134,104938.02,104949.99,0.011406733231674434,BUY,40,20,False,3,2
BTC/USDT,1737910800.0,617,52.04,-0.0004,104945.11,104557.19,-0.3696408532041162,SELL,40,20,False,3,2
BTC/USDT,1737914400.0,618,58.4,0.0,105175.11,104330.22,-0.8033174388883448,BUY,40,16,False,3,3
BTC/USDT,1737918000.0,619,55.2,0.0315,105081.63,102620.0,-2.3425883287116926,BUY,40,16,False,3,3
BTC/USDT,1737921600.0,620,50.95,0.0427,104949.99,101728.0,-3.0700241133896298,BUY,41,36,False,3,3
BTC/USDT,1737925200.0,621,40.86,0.0286,104557.19,101308.29,-3.10729467767832,BUY,40,16,False,3,3
BTC/USDT,1737928800.0,622,36.38,-0.0144,104330.22,101000.0,-3.1919994034326784,SELL,40,56,True,3,3
BTC/USDT,1737932400.0,623,19.24,-0.1653,102620.0,101395.64,-1.1931007600857537,HOLD,45,18,False,3,3
BTC/USDT,1737936000.0,624,15.22,-0.369,101728.0,100410.04,-1.2955725070777036,HOLD,45,22,False,3,2
BTC/USDT,1737939600.0,625,13.76,-0.5998,101308.29,100374.08,-0.9221456605377426,HOLD,45,22,False,3,2
BTC/USDT,1737943200.0,626,12.79,-0.851,101000.0,98956.32,-2.0234455445544484,HOLD,45,22,False,3,2
BTC/USDT,1737946800.0,627,20.53,-1.0738,101395.64,99048.02,-2.3153066542111627,HOLD,45,18,False,3,3
BTC/USDT,1737950400.0,628,16.58,-1.3834,100410.04,99043.77,-1.3606906241646648,HOLD,45,48,False,3,2
BTC/USDT,1737954000.0,629,16.46,-1.6978,100374.08,99424.38,-0.94616060241847,HOLD,45,48,False,3,2
BTC/USDT,1737957600.0,630,12.48,-2.0969,98956.32,98392.74,-0.5695240081684543,HOLD,45,22,False,3,2
BTC/USDT,1737961200.0,631,13.93,-2.4529,99048.02,98761.13,-0.2896473851774113,HOLD,45,48,True,3,2
BTC/USDT,1737964800.0,632,13.92,-2.7862,99043.77,100619.68,1.5911248127974016,HOLD,45,48,False,3,2
BTC/USDT,1737968400.0,633,20.26,-2.9187,99424.38,100483.99,1.0657446392926972,HOLD,45,48,False,3,2
BTC/USDT,1737972000.0,634,16.68,-3.0294,98392.74,101920.89,3.585782853491014,HOLD,45,63,False,3,1
BTC/USDT,1737975600.0,635,21.99,-3.078,98761.13,101112.03,2.380389936810154,HOLD,45,63,False,3,1
BTC/USDT,1737979200.0,636,42.06,-2.9775,100619.68,99744.0,-0.8702870054844073,SELL,70,68,True,3,3
BTC/USDT,1737982800.0,637,41.22,-2.924,100483.99,99150.01,-1.3275547676799164,SELL,70,85,True,3,2
BTC/USDT,1737986400.0,638,52.06,-2.6783,101920.89,99180.0,-2.689232796142184,SELL,70,47,True,3,1
BTC/USDT,1737990000.0,639,46.83,-2.4947,101112.03,99700.02,-1.3964807154994265,SELL,70,35,True,3,2
BTC/USDT,1737993600.0,640,39.58,-2.2594,99744.0,101386.5,1.6467155919153031,SELL,70,48,False,3,3
BTC/USDT,1737997200.0,641,36.91,-2.0683,99150.01,101349.67,2.2185171741283773,SELL,70,85,False,3,2
BTC/USDT,1738000800.0,642,37.14,-1.8718,99180.0,101637.18,2.477495462794911,SELL,68,67,False,3,3
BTC/USDT,1738004400.0,643,41.16,-1.6753,99700.02,102082.83,2.3899794603852613,SELL,65,26,False,3,3
BTC/USDT,1738008000.0,644,51.89,-1.2654,101386.5,101856.01,0.4630892673087588,SELL,59,44,False,3,3
BTC/USDT,1738011600.0,645,51.67,-0.8926,101349.67,101382.67,0.03256054015765419,SELL,53,41,False,3,3
BTC/USDT,1738015200.0,646,53.35,-0.6845,101637.18,102402.01,0.7525100558673526,SELL,50,20,False,3,3
BTC/USDT,1738018800.0,647,55.9,-0.4328,102082.83,102636.32,0.5421969590772564,SELL,46,18,False,3,3
BTC/USDT,1738022400.0,648,54.27,-0.3302,101856.01,102901.45,1.026390097157745,SELL,45,18,False,3,3
BTC/USDT,1738026000.0,649,50.94,-0.1816,101382.67,103014.59,1.609663663424921,SELL,43,17,False,3,3
BTC/USDT,1738029600.0,650,57.06,0.166,102402.01,102744.38,0.3343391404133668,BUY,42,37,False,3,3
BTC/USDT,1738033200.0,651,58.34,0.5756,102636.32,102789.72,0.1494597623920988,BUY,49,20,False,3,3
BTC/USDT,1738036800.0,652,59.81,0.9926,102901.45,102851.23,-0.048803977009071464,BUY,55,22,False,3,3
BTC/USDT,1738040400.0,653,60.45,1.3084,103014.59,102955.99,-0.05688514607493101,BUY,60,44,False,3,3
BTC/USDT,1738044000.0,654,58.07,1.4091,102744.38,102745.36,0.0009538234597317395,BUY,61,24,False,3,3
BTC/USDT,1738047600.0,655,58.37,1.5022,102789.72,102762.01,-0.026957948713165484,BUY,63,32,False,3,2
BTC/USDT,1738051200.0,656,58.79,1.5605,102851.23,102599.99,-0.24427515353972012,BUY,63,32,False,3,2
BTC/USDT,1738054800.0,657,59.55,1.5947,102955.99,102597.36,-0.3483333024139777,BUY,64,32,False,3,2
BTC/USDT,1738058400.0,658,57.27,1.6044,102745.36,102641.99,-0.10060794959499421,BUY,64,43,False,3,1
BTC/USDT,1738062000.0,659,57.41,1.6609,102762.01,102777.99,0.01555049380603832,BUY,65,65,False,3,0
BTC/USDT,1738065600.0,660,55.52,1.5584,102599.99,102250.01,-0.3411111443578215,BUY,63,42,False,3,1
BTC/USDT,1738069200.0,661,55.49,1.436,102597.36,102572.82,-0.023918744108029286,BUY,62,31,False,3,2
BTC/USDT,1738072800.0,662,55.95,1.2905,102641.99,102205.79,-0.4249722749919517,BUY,59,30,False,3,2
BTC/USDT,1738076400.0,663,57.41,1.1558,102777.99,102424.24,-0.34418847848649303,BUY,57,43,False,3,3
BTC/USDT,1738080000.0,664,50.45,0.9793,102250.01,101264.48,-0.9638434265189791,BUY,55,42,False,3,3
BTC/USDT,1738083600.0,665,54.11,0.832,102572.82,100334.01,-2.182654235303282,BUY,52,21,False,3,3
BTC/USDT,1738087200.0,666,49.62,0.7163,102205.79,101265.63,-0.9198696081699373,BUY,51,40,False,3,3
BTC/USDT,1738090800.0,667,52.16,0.6002,102424.24,101335.52,-1.0629515044485573,BUY,49,20,False,3,3
BTC/USDT,1738094400.0,668,40.47,0.4765,101264.48,101702.59,0.432639361797938,BUY,47,19,False,3,3
BTC/USDT,1738098000.0,669,33.91,0.2638,100334.01,101845.02,1.5059798766141306,BUY,44,38,True,3,3
BTC/USDT,1738101600.0,670,43.75,0.0831,101265.63,101795.4,0.5231488709446527,BUY,41,36,True,3,3
BTC/USDT,1738105200.0,671,44.42,-0.1121,101335.52,102038.2,0.6934192472688677,SELL,42,37,False,3,3
BTC/USDT,1738108800.0,672,47.92,-0.2863,101702.59,102001.06,0.29347335205524383,SELL,44,18,False,3,3
BTC/USDT,1738112400.0,673,49.25,-0.4474,101845.02,102262.0,0.4094260082623538,SELL,47,19,False,3,3
BTC/USDT,1738116000.0,674,48.78,-0.5052,101795.4,102801.64,0.988492603791532,SELL,48,19,False,3,3
BTC/USDT,1738119600.0,675,51.23,-0.5798,102038.2,102755.82,0.7032856322436204,SELL,49,20,False,3,3
BTC/USDT,1738123200.0,676,50.83,-0.6117,102001.06,102732.03,0.7166298075725891,SELL,49,24,False,3,2
BTC/USDT,1738126800.0,677,53.58,-0.6333,102262.0,102334.4,0.07079853709099584,SELL,50,20,False,3,3
BTC/USDT,1738130400.0,678,58.71,-0.5136,102801.64,102547.01,-0.24769060104489057,SELL,48,19,False,3,3
BTC/USDT,1738134000.0,679,58.12,-0.3214,102755.82,102646.0,-0.10687472495475875,SELL,45,38,False,3,3
BTC/USDT,1738137600.0,680,57.8,-0.1888,102732.03,102229.85,-0.48882515024768136,SELL,43,17,False,3,3
BTC/USDT,1738141200.0,681,52.54,-0.0814,102334.4,101836.23,-0.48680600071920904,SELL,41,16,False,3,3
BTC/USDT,1738144800.0,682,54.9,0.0127,102547.01,102029.93,-0.5042370323620374,BUY,40,36,False,3,3
BTC/USDT,1738148400.0,683,56.0,0.103,102646.0,101980.78,-0.6480720144964257,BUY,42,77,False,3,3
BTC/USDT,1738152000.0,684,50.43,0.1623,102229.85,102092.01,-0.13483341704992333,BUY,42,17,False,3,3
BTC/USDT,1738155600.0,685,45.8,0.1737,101836.23,102406.98,0.5604586894074928,BUY,43,37,True,3,3
BTC/USDT,1738159200.0,686,48.32,0.2033,102029.93,102854.15,0.8078217832747716,BUY,43,17,True,3,3
BTC/USDT,1738162800.0,687,47.71,0.2077,101980.78,103583.99,1.5720707372506921,BUY,43,22,True,3,2
BTC/USDT,1738166400.0,688,49.26,0.1596,102092.01,104193.93,2.0588486797350725,BUY,42,17,True,3,3
BTC/USDT,1738170000.0,689,53.47,0.137,102406.98,103741.11,1.3027725258571288,BUY,42,37,True,3,3
BTC/USDT,1738173600.0,690,58.7,0.1407,102854.15,103492.06,0.620208324117212,BUY,42,37,True,3,3
BTC/USDT,1738177200.0,691,65.52,0.2307,103583.99,103733.24,0.14408597313156213,BUY,43,17,False,3,3
BTC/USDT,1738180800.0,692,69.98,0.3411,104193.93,104026.04,-0.16113222718444292,BUY,45,78,False,3,3
BTC/USDT,1738184400.0,693,63.42,0.4167,103741.11,104264.15,0.5041781411438471,BUY,46,18,True,3,3
BTC/USDT,1738188000.0,694,60.09,0.4994,103492.06,104663.19,1.1316133817415603,BUY,47,19,True,3,3
BTC/USDT,1738191600.0,695,62.16,0.6468,103733.24,105196.0,1.4101169499766852,BUY,50,20,True,3,3
BTC/USDT,1738195200.0,696,64.57,0.7821,104026.04,105478.0,1.3957659063057735,BUY,52,41,True,3,3
BTC/USDT,1738198800.0,697,66.44,0.9446,104264.15,105375.7,1.066090310044251,BUY,54,22,True,3,3
BTC/USDT,1738202400.0,698,69.36,1.0837,104663.19,105184.37,0.49795921565164697,BUY,56,42,False,3,3
BTC/USDT,1738206000.0,699,72.77,1.1957,105196.0,105132.07,-0.06077227270998234,HOLD,45,58,True,3,3
BTC/USDT,1738209600.0,700,74.39,1.3127,105478.0,105060.01,-0.3962816890726078,HOLD,45,72,True,3,2
BTC/USDT,1738213200.0,701,72.7,1.3541,105375.7,105412.05,0.034495619008942116,HOLD,45,72,True,3,2
BTC/USDT,1738216800.0,702,69.51,1.3361,105184.37,105345.4,0.15309308787988068,BUY,60,64,False,3,3
BTC/USDT,1738220400.0,703,68.63,1.3633,105132.07,105300.63,0.160331666636068,BUY,60,55,False,3,2
BTC/USDT,1738224000.0,704,67.35,1.4083,105060.01,105020.0,-0.03808299656548173,BUY,61,56,False,3,2
BTC/USDT,1738227600.0,705,70.26,1.4603,105412.05,104879.99,-0.5047430535693004,HOLD,45,38,False,3,3
BTC/USDT,1738231200.0,706,69.01,1.4785,105345.4,105920.57,0.5459849219804689,BUY,62,56,True,3,2
BTC/USDT,1738234800.0,707,68.13,1.4793,105300.63,105564.0,0.2501124637146001,BUY,62,41,False,3,1
BTC/USDT,1738238400.0,708,62.74,1.4414,105020.0,105696.96,0.6446010283755536,BUY,62,65,True,3,3
BTC/USDT,1738242000.0,709,60.19,1.3418,104879.99,105300.01,0.40047677350082656,BUY,60,44,False,3,3
BTC/USDT,1738245600.0,710,69.98,1.2807,105920.57,105578.95,-0.32252469940447814,BUY,59,44,False,3,3
BTC/USDT,1738249200.0,711,64.15,1.194,105564.0,105711.27,0.13950778674548528,BUY,58,43,False,3,3
BTC/USDT,1738252800.0,712,65.31,1.1412,105696.96,104907.15,-0.7472400341504734,BUY,57,28,False,3,2
BTC/USDT,1738256400.0,713,59.16,1.0715,105300.01,105048.89,-0.23848050916613905,BUY,56,42,False,3,3
BTC/USDT,1738260000.0,714,61.88,1.0131,105578.95,105094.56,-0.4587941062115123,BUY,55,42,False,3,3
BTC/USDT,1738263600.0,715,63.13,0.9168,105711.27,104722.94,-0.9349334276279166,BUY,54,42,False,3,3
BTC/USDT,1738267200.0,716,51.96,0.7824,104907.15,104898.49,-0.008254918754335564,BUY,52,21,False,3,3
BTC/USDT,1738270800.0,717,53.52,0.6599,105048.89,104729.58,-0.3039632308347072,BUY,50,20,False,3,3
BTC/USDT,1738274400.0,718,54.04,0.5708,105094.56,104341.72,-0.7163453560298426,BUY,49,20,False,3,3
BTC/USDT,1738278000.0,719,49.23,0.4818,104722.94,104344.46,-0.36141078544967886,BUY,47,19,False,3,3
BTC/USDT,1738281600.0,720,51.43,0.3191,104898.49,104007.58,-0.849306791737425,BUY,45,58,False,3,3
BTC/USDT,1738285200.0,721,49.22,0.2031,104729.58,104319.87,-0.3912075270425093,BUY,43,57,False,3,3
BTC/USDT,1738288800.0,722,44.49,0.0693,104341.72,104511.02,0.16225532797427808,BUY,41,36,False,3,3
BTC/USDT,1738292400.0,723,44.53,-0.0409,104344.46,104188.56,-0.14940898635155975,SELL,41,16,False,3,3
BTC/USDT,1738296000.0,724,40.6,-0.2069,104007.58,104028.78,0.020383129768039108,SELL,43,57,False,3,3
BTC/USDT,1738299600.0,725,45.41,-0.358,104319.87,104256.56,-0.060688342498890845,SELL,45,18,False,3,3
BTC/USDT,1738303200.0,726,48.17,-0.4111,104511.02,104284.1,-0.21712542849548136,SELL,46,18,False,3,3
BTC/USDT,1738306800.0,727,44.11,-0.4906,104188.56,104736.0,0.5254319668109458,SELL,47,19,False,3,3
BTC/USDT,1738310400.0,728,42.22,-0.572,104028.78,104704.68,0.6497240475183831,SELL,49,50,False,3,2
BTC/USDT,1738314000.0,729,45.8,-0.5868,104256.56,104664.02,0.3908243279847392,SELL,49,20,False,3,3
BTC/USDT,1738317600.0,730,46.23,-0.6076,104284.1,104442.79,0.15217084867202935,SELL,49,24,False,3,2
BTC/USDT,1738321200.0,731,52.89,-0.5868,104736.0,105464.01,0.695090513290554,SELL,49,20,False,3,3
BTC/USDT,1738324800.0,732,52.41,-0.5371,104704.68,105081.87,0.3602417771583872,SELL,48,24,False,3,2
BTC/USDT,1738328400.0,733,51.74,-0.4918,104664.02,104580.87,-0.07944468404711451,SELL,47,24,False,3,2
BTC/USDT,1738332000.0,734,48.17,-0.4308,104442.79,102627.29,-1.738272215822653,SELL,46,18,True,3,3
BTC/USDT,1738335600.0,735,61.41,-0.3233,105464.01,102312.32,-2.988403342524135,SELL,45,58,True,3,3
BTC/USDT,1738339200.0,736,55.68,-0.2605,105081.87,101680.02,-3.23733294810988,SELL,44,18,True,3,3
BTC/USDT,1738342800.0,737,49.2,-0.2003,104580.87,102148.73,-2.3256069680812557,SELL,43,17,True,3,3
BTC/USDT,1738346400.0,738,33.04,-0.2581,102627.29,102261.3,-0.356620544106729,SELL,44,58,False,3,3
BTC/USDT,1738350000.0,739,31.26,-0.3623,102312.32,102429.56,0.11459030544903163,SELL,45,72,False,3,2
BTC/USDT,1738353600.0,740,28.0,-0.4767,101680.02,102494.94,0.8014553891708501,HOLD,45,22,False,3,2
BTC/USDT,1738357200.0,741,33.54,-0.616,102148.73,102566.0,0.4084925970200551,SELL,49,20,False,3,3
BTC/USDT,1738360800.0,742,34.84,-0.7411,102261.3,102467.77,0.2019043372223912,SELL,51,60,False,3,3
BTC/USDT,1738364400.0,743,36.82,-0.8644,102429.56,102249.19,-0.1760917453906815,SELL,53,21,False,3,3
BTC/USDT,1738368000.0,744,37.61,-0.9536,102494.94,102316.16,-0.1744281229883142,SELL,54,42,False,3,3
BTC/USDT,1738371600.0,745,38.52,-1.1324,102566.0,102500.0,-0.06434880954702338,SELL,57,43,False,3,3
BTC/USDT,1738375200.0,746,37.71,-1.3066,102467.77,102402.91,-0.06329795212680102,SELL,60,44,False,3,3
BTC/USDT,1738378800.0,747,35.89,-1.4425,102249.19,102166.49,-0.0808808363176247,SELL,62,25,False,3,3
BTC/USDT,1738382400.0,748,36.89,-1.3845,102316.16,102016.85,-0.2925344344431981,SELL,61,56,False,3,2
BTC/USDT,1738386000.0,749,39.68,-1.2959,102500.0,101675.99,-0.8039121951219461,SELL,59,54,True,3,2
BTC/USDT,1738389600.0,750,38.71,-1.1468,102402.91,101638.0,-0.7469611947551134,SELL,57,23,True,3,3
BTC/USDT,1738393200.0,751,36.37,-1.0635,102166.49,102028.81,-0.13476042878639322,SELL,56,42,False,3,3
BTC/USDT,1738396800.0,752,34.93,-1.013,102016.85,102277.71,0.2557028569300077,SELL,55,22,False,3,3
BTC/USDT,1738400400.0,753,31.83,-1.0007,101675.99,101869.02,0.18984816376019434,SELL,55,22,False,3,3
BTC/USDT,1738404000.0,754,31.5,-1.008,101638.0,101827.53,0.18647553080540627,SELL,55,28,False,3,2
BTC/USDT,1738407600.0,755,38.65,-0.9867,102028.81,102073.89,0.044183598730595554,SELL,55,42,False,3,3
BTC/USDT,1738411200.0,756,42.75,-0.9337,102277.71,101892.32,-0.3768074197202884,SELL,54,62,False,3,3
BTC/USDT,1738414800.0,757,38.23,-0.8962,101869.02,102262.49,0.38625089354938447,SELL,53,41,False,3,3
BTC/USDT,1738418400.0,758,37.79,-0.8731,101827.53,102003.7,0.17300822282539727,SELL,53,26,False,3,2
BTC/USDT,1738422000.0,759,42.03,-0.8444,102073.89,101669.6,-0.39607582311205497,SELL,53,52,False,3,2
BTC/USDT,1738425600.0,760,39.87,-0.8171,101892.32,101333.34,-0.548598756020091,SELL,52,68,True,3,1
BTC/USDT,1738429200.0,761,45.95,-0.7282,102262.49,101199.82,-1.0391591286306427,SELL,51,40,True,3,3
BTC/USDT,1738432800.0,762,42.7,-0.6423,102003.7,100666.91,-1.3105308925068342,SELL,50,40,True,3,3
BTC/USDT,1738436400.0,763,38.88,-0.5462,101669.6,100635.65,-1.0169706578957836,SELL,48,59,True,3,3
BTC/USDT,1738440000.0,764,35.44,-0.4753,101333.34,101243.86,-0.08830262576956008,SELL,47,59,False,3,3
BTC/USDT,1738443600.0,765,34.15,-0.4181,101199.82,101248.38,0.04798427507084268,SELL,46,73,False,3,2
BTC/USDT,1738447200.0,766,29.52,-0.4323,100666.91,100452.16,-0.21332729891083377,HOLD,45,18,True,3,3
BTC/USDT,1738450800.0,767,29.27,-0.4248,100635.65,99206.86,-1.4197652621113828,HOLD,45,22,False,3,2
BTC/USDT,1738454400.0,768,39.95,-0.437,101243.86,99538.6,-1.6843095472653797,SELL,47,39,True,3,3
BTC/USDT,1738458000.0,769,40.02,-0.4834,101248.38,100259.53,-0.976657601830277,SELL,47,48,True,3,2
BTC/USDT,1738461600.0,770,32.57,-0.5848,100452.16,100265.15,-0.18616822176846104,SELL,49,20,False,3,3
BTC/USDT,1738465200.0,771,24.79,-0.7892,99206.86,99643.3,0.4399292548922547,HOLD,45,38,True,3,3
BTC/USDT,1738468800.0,772,29.61,-0.9431,99538.6,99831.04,0.2937955727727613,HOLD,45,18,True,3,3
BTC/USDT,1738472400.0,773,38.8,-1.0114,100259.53,99690.78,-0.567277744070813,SELL,55,42,True,3,3
BTC/USDT,1738476000.0,774,38.86,-1.0441,100265.15,99417.06,-0.8458472360536003,SELL,56,28,True,3,2
BTC/USDT,1738479600.0,775,34.38,-1.1025,99643.3,98864.6,-0.7814875661484486,SELL,57,43,True,3,3
BTC/USDT,1738483200.0,776,36.75,-1.0993,99831.04,98178.0,-1.655837703383631,SELL,56,42,True,3,3
BTC/USDT,1738486800.0,777,35.71,-1.1093,99690.78,98795.88,-0.897675793087379,SELL,57,54,True,3,2
BTC/USDT,1738490400.0,778,33.71,-1.1954,99417.06,99205.08,-0.21322296193429569,SELL,58,54,False,3,2
BTC/USDT,1738494000.0,779,30.05,-1.3128,98864.6,99346.87,0.4878085786014301,SELL,60,24,False,3,3
BTC/USDT,1738497600.0,780,26.23,-1.4004,98178.0,98264.0,0.08759599910366885,HOLD,45,38,True,3,3
BTC/USDT,1738501200.0,781,34.31,-1.3313,98795.88,97228.85,-1.5861288952535257,SELL,60,24,True,3,3
BTC/USDT,1738504800.0,782,39.07,-1.2726,99205.08,97087.92,-2.1341245831362703,SELL,59,64,True,3,3
BTC/USDT,1738508400.0,783,40.68,-1.2871,99346.87,98273.16,-1.0807688254295198,SELL,59,80,True,3,2
BTC/USDT,1738512000.0,784,33.44,-1.3758,98264.0,97798.0,-0.47423267931287144,SELL,61,24,False,3,3
BTC/USDT,1738515600.0,785,28.26,-1.4591,97228.85,97020.54,-0.2142471087542558,HOLD,45,58,True,3,3
BTC/USDT,1738519200.0,786,27.63,-1.5628,97087.92,97994.46,0.9337309935159885,HOLD,45,72,False,3,2
BTC/USDT,1738522800.0,787,39.75,-1.5866,98273.16,97700.59,-0.5826311070082685,SELL,64,26,True,3,3
BTC/USDT,1738526400.0,788,37.07,-1.6163,97798.0,96511.33,-1.3156404016442036,SELL,64,57,True,3,2
BTC/USDT,1738530000.0,789,33.13,-1.635,97020.54,93435.82,-3.6948052443327843,SELL,65,66,True,3,3
BTC/USDT,1738533600.0,790,41.51,-1.5252,97994.46,93566.01,-4.519081997084337,SELL,63,32,True,3,2
BTC/USDT,1738537200.0,791,39.89,-1.4847,97700.59,94038.74,-3.748032637264515,SELL,62,56,True,3,2
BTC/USDT,1738540800.0,792,34.08,-1.5744,96511.33,92786.53,-3.859443238425999,SELL,64,57,True,3,2
BTC/USDT,1738544400.0,793,24.24,-1.8986,93435.82,94216.0,0.8349902639052057,HOLD,45,58,False,3,3
BTC/USDT,1738548000.0,794,25.23,-2.1171,93566.01,93911.04,0.3687557051967898,HOLD,45,48,True,3,2
BTC/USDT,1738551600.0,795,28.84,-2.2037,94038.74,95333.01,1.3763157609300054,HOLD,45,58,False,3,3
BTC/USDT,1738555200.0,796,25.35,-2.3801,92786.53,95340.0,2.7519835045022174,HOLD,45,18,False,3,3
BTC/USDT,1738558800.0,797,35.02,-2.5808,94216.0,95277.0,1.1261356882058249,SELL,70,48,False,3,3
BTC/USDT,1738562400.0,798,34.01,-2.7348,93911.04,95702.67,1.907794866290486,SELL,70,60,False,3,2
BTC/USDT,1738566000.0,799,42.38,-2.7112,95333.01,95107.89,-0.23614066103650283,SELL,70,88,False,3,3
BTC/USDT,1738569600.0,800,42.42,-2.8135,95340.0,94764.01,-0.6041430669184028,SELL,70,85,True,3,2
BTC/USDT,1738573200.0,801,42.14,-2.9317,95277.0,94664.51,-0.6428518950008977,SELL,70,85,True,3,2
BTC/USDT,1738576800.0,802,44.74,-2.8872,95702.67,96589.5,0.9266512627077194,SELL,70,80,False,3,1
BTC/USDT,1738580400.0,803,41.91,-2.5429,95107.89,98842.0,3.926183200994156,SELL,70,60,False,3,2
BTC/USDT,1738584000.0,804,40.32,-2.2346,94764.01,98543.08,3.987874721637473,SELL,70,28,False,3,3
BTC/USDT,1738587600.0,805,39.85,-2.0019,94664.51,99206.38,4.797859303343999,SELL,70,28,False,3,3
BTC/USDT,1738591200.0,806,51.63,-1.4983,96589.5,99816.05,3.3404769669581094,SELL,62,25,False,3,3
BTC/USDT,1738594800.0,807,61.2,-0.9901,98842.0,101880.0,3.0735921976487726,SELL,55,42,False,3,3
BTC/USDT,1738598400.0,808,59.52,-0.4801,98543.08,101083.0,2.5774717007018637,SELL,47,39,False,3,3
BTC/USDT,1738602000.0,809,62.02,-0.0904,99206.38,101802.55,2.616938547702273,SELL,41,16,False,3,3
BTC/USDT,1738605600.0,810,64.2,0.3167,99816.05,101695.62,1.8830338407500522,BUY,45,18,True,3,3
BTC/USDT,1738609200.0,811,70.41,0.8932,101880.0,101328.52,-0.5413034943070238,HOLD,45,38,False,3,3
BTC/USDT,1738612800.0,812,65.67,1.3842,101083.0,101058.01,-0.024722257946445236,BUY,61,84,False,3,3
BTC/USDT,1738616400.0,813,67.78,1.9901,101802.55,101382.68,-0.41243564134691113,BUY,70,28,False,3,3
BTC/USDT,1738620000.0,814,67.12,2.585,101695.62,100839.99,-0.8413636693497617,BUY,70,28,False,3,3
BTC/USDT,1738623600.0,815,64.79,3.1273,101328.52,100629.7,-0.6896577587435472,BUY,70,35,False,3,2
BTC/USDT,1738627200.0,816,63.05,3.4466,101058.01,100053.12,-0.9943694715540109,BUY,70,47,False,3,1
BTC/USDT,1738630800.0,817,64.29,3.5976,101382.68,98865.99,-2.482366810583413,BUY,70,70,False,3,0
BTC/USDT,1738634400.0,818,60.63,3.7256,100839.99,99367.58,-1.4601449286141375,BUY,70,70,False,3,0
BTC/USDT,1738638000.0,819,59.23,3.7436,100629.7,98448.02,-2.1680279281365173,BUY,70,70,False,3,0
BTC/USDT,1738641600.0,820,55.43,3.6949,100053.12,98304.34,-1.747851541261281,BUY,70,70,False,3,0
BTC/USDT,1738645200.0,821,48.54,3.3449,98865.99,98338.23,-0.5338134984538255,BUY,70,70,False,3,0
BTC/USDT,1738648800.0,822,51.3,3.0686,99367.58,98779.91,-0.5914101963638425,BUY,70,47,False,3,1
BTC/USDT,1738652400.0,823,46.39,2.5499,98448.02,98967.7,0.527872475241242,BUY,70,28,True,3,3
BTC/USDT,1738656000.0,824,45.66,2.0387,98304.34,99362.04,1.0759443581025996,BUY,70,28,True,3,3
BTC/USDT,1738659600.0,825,45.87,1.5852,98338.23,99007.22,0.6802949371775404,BUY,64,26,True,3,3
BTC/USDT,1738663200.0,826,48.76,1.1473,98779.91,99984.72,1.219691331972258,BUY,57,63,True,3,3
BTC/USDT,1738666800.0,827,49.98,0.7396,98967.7,99347.19,0.38344833718476357,BUY,51,40,False,3,3
BTC/USDT,1738670400.0,828,52.53,0.4044,99362.04,99043.48,-0.32060533378742795,BUY,46,58,False,3,3
BTC/USDT,1738674000.0,829,50.05,0.1159,99007.22,99168.35,0.1627457068282542,BUY,42,17,False,3,3
BTC/USDT,1738677600.0,830,56.18,-0.0476,99984.72,99415.2,-0.569607035955098,SELL,41,16,True,3,3
BTC/USDT,1738681200.0,831,51.72,-0.1359,99347.19,98859.77,-0.49062283492869624,SELL,42,17,False,3,3
BTC/USDT,1738684800.0,832,49.7,-0.2806,99043.48,98652.18,-0.3950790097440063,SELL,44,18,False,3,3
BTC/USDT,1738688400.0,833,50.56,-0.344,99168.35,96514.47,-2.676136085757204,SELL,45,22,True,3,2
BTC/USDT,1738692000.0,834,52.29,-0.3876,99415.2,97691.2,-1.7341412580772357,SELL,46,23,True,3,2
BTC/USDT,1738695600.0,835,48.2,-0.475,98859.77,97763.13,-1.1092884395745604,SELL,47,39,True,3,3
BTC/USDT,1738699200.0,836,46.73,-0.5564,98652.18,98274.01,-0.38333668855568953,SELL,48,19,False,3,3
BTC/USDT,1738702800.0,837,34.92,-0.7252,96514.47,97849.82,1.3835749188696842,SELL,51,60,False,3,3
BTC/USDT,1738706400.0,838,43.4,-0.8646,97691.2,97993.99,0.30994603403378007,SELL,53,41,False,3,3
BTC/USDT,1738710000.0,839,43.88,-0.9416,97763.13,98040.0,0.28320492602885705,SELL,54,52,False,3,2
BTC/USDT,1738713600.0,840,47.31,-1.0624,98274.01,98046.0,-0.2320145478952113,SELL,56,42,False,3,3
BTC/USDT,1738717200.0,841,44.86,-1.0793,97849.82,98138.4,0.2949213396611125,SELL,56,82,False,3,3
BTC/USDT,1738720800.0,842,45.89,-1.0824,97993.99,97652.0,-0.34899079014948287,SELL,56,71,False,3,1
BTC/USDT,1738724400.0,843,46.23,-1.0711,98040.0,97864.43,-0.17907996736026824,SELL,56,71,False,3,1
BTC/USDT,1738728000.0,844,46.28,-1.0878,98046.0,97634.24,-0.41996613834322133,SELL,56,37,False,3,1
BTC/USDT,1738731600.0,845,47.06,-1.0544,98138.4,97405.61,-0.7466903882679905,SELL,56,37,True,3,1
BTC/USDT,1738735200.0,846,43.47,-1.0419,97652.0,97734.96,0.08495473723017082,SELL,56,82,False,3,3
BTC/USDT,1738738800.0,847,45.43,-0.7876,97864.43,98198.0,0.34084907049477225,SELL,52,61,False,3,3
BTC/USDT,1738742400.0,848,43.66,-0.6859,97634.24,98057.61,0.43362861225733446,SELL,50,60,False,3,3
BTC/USDT,1738746000.0,849,41.92,-0.6138,97405.61,98570.01,1.1954136933180688,SELL,49,40,False,3,3
BTC/USDT,1738749600.0,850,45.31,-0.5905,97734.96,98292.27,0.5702258434443495,SELL,49,20,False,3,3
BTC/USDT,1738753200.0,851,49.74,-0.5327,98198.0,98116.24,-0.08326035153464914,SELL,48,19,False,3,3
BTC/USDT,1738756800.0,852,48.46,-0.482,98057.61,97974.01,-0.08525600409800507,SELL,47,39,False,3,3
BTC/USDT,1738760400.0,853,53.2,-0.4323,98570.01,97550.74,-1.0340569104132074,SELL,46,38,True,3,3
BTC/USDT,1738764000.0,854,50.49,-0.4068,98292.27,96723.66,-1.5958630317521414,SELL,46,38,True,3,3
BTC/USDT,1738767600.0,855,48.79,-0.4016,98116.24,97370.0,-0.7605672618518659,SELL,46,38,True,3,3
BTC/USDT,1738771200.0,856,47.4,-0.3416,97974.01,97323.39,-0.6640740743386898,SELL,45,18,True,3,3
BTC/USDT,1738774800.0,857,43.44,-0.3256,97550.74,96904.11,-0.6628652945123785,SELL,45,18,True,3,3
BTC/USDT,1738778400.0,858,36.95,-0.3291,96723.66,96445.63,-0.28744776614118905,SELL,45,58,False,3,3
BTC/USDT,1738782000.0,859,44.0,-0.2773,97370.0,96612.43,-0.7780322481257133,SELL,44,22,True,3,2
BTC/USDT,1738785600.0,860,43.62,-0.229,97323.39,96826.96,-0.5100829307322658,SELL,43,22,True,3,2
BTC/USDT,1738789200.0,861,40.26,-0.2782,96904.11,97159.68,0.263734943750056,SELL,44,58,False,3,3
BTC/USDT,1738792800.0,862,36.92,-0.3546,96445.63,97364.08,0.9522982015877723,SELL,45,18,False,3,3
BTC/USDT,1738796400.0,863,38.91,-0.468,96612.43,97355.67,0.7693005962069325,SELL,47,59,False,3,3
BTC/USDT,1738800000.0,864,41.46,-0.5301,96826.96,97617.01,0.8159401059374252,SELL,48,39,False,3,3
BTC/USDT,1738803600.0,865,45.28,-0.5703,97159.68,97831.47,0.6914287902142208,SELL,49,20,False,3,3
BTC/USDT,1738807200.0,866,47.55,-0.5891,97364.08,98386.89,1.0505003487939266,SELL,49,20,False,3,3
BTC/USDT,1738810800.0,867,47.46,-0.6376,97355.67,98195.61,0.8627540645552564,SELL,50,25,False,3,2
BTC/USDT,1738814400.0,868,50.5,-0.5436,97617.01,98128.43,0.523904594086623,SELL,48,19,False,3,3
BTC/USDT,1738818000.0,869,52.9,-0.4987,97831.47,98614.41,0.8002946291208772,SELL,47,19,False,3,3
BTC/USDT,1738821600.0,870,58.52,-0.3936,98386.89,99013.3,0.6366803544659289,SELL,46,18,False,3,3
BTC/USDT,1738825200.0,871,56.04,-0.2731,98195.61,98877.99,0.6949190498434754,SELL,44,38,False,3,3
BTC/USDT,1738828800.0,872,55.16,-0.1053,98128.43,98346.09,0.22181135477251954,SELL,42,17,False,3,3
BTC/USDT,1738832400.0,873,60.06,0.0801,98614.41,98604.5,-0.01004924128228673,BUY,41,56,False,3,3
BTC/USDT,1738836000.0,874,63.59,0.2708,99013.3,97835.98,-1.1890523798318073,BUY,44,38,False,3,3
BTC/USDT,1738839600.0,875,61.6,0.4214,98877.99,97333.09,-1.5624306278879745,BUY,46,38,False,3,3
BTC/USDT,1738843200.0,876,54.41,0.4981,98346.09,96586.96,-1.7887137150038097,BUY,47,59,False,3,3
BTC/USDT,1738846800.0,877,57.04,0.6004,98604.5,96715.35,-1.9158861918066559,BUY,49,40,False,3,3
BTC/USDT,1738850400.0,878,48.16,0.6159,97835.98,96316.84,-1.5527416396299187,BUY,49,40,False,3,3
BTC/USDT,1738854000.0,879,43.4,0.5674,97333.09,95983.0,-1.3870822348288712,BUY,49,40,False,3,3
BTC/USDT,1738857600.0,880,37.48,0.4226,96586.96,96926.63,0.3516727309773475,BUY,46,18,False,3,3
BTC/USDT,1738861200.0,881,39.02,0.3219,96715.35,96807.43,0.09520722408592554,BUY,45,18,False,3,3
BTC/USDT,1738864800.0,882,36.05,0.196,96316.84,96959.99,0.6677440829661861,BUY,43,57,True,3,3
BTC/USDT,1738868400.0,883,33.73,0.0148,95983.0,96554.35,0.5952616609191271,BUY,40,36,True,3,3
BTC/USDT,1738872000.0,884,44.58,-0.1525,96926.63,96507.75,-0.4321619352700127,SELL,42,17,False,3,3
BTC/USDT,1738875600.0,885,43.61,-0.3203,96807.43,97404.01,0.6162543515513239,SELL,45,58,False,3,3
BTC/USDT,1738879200.0,886,45.25,-0.428,96959.99,97575.85,0.6351692074225673,SELL,46,18,False,3,3
BTC/USDT,1738882800.0,887,41.76,-0.6045,96554.35,97444.04,0.9214395829913284,SELL,49,40,False,3,3
BTC/USDT,1738886400.0,888,41.37,-0.7336,96507.75,97434.79,0.9605860669220799,SELL,51,60,False,3,3
BTC/USDT,1738890000.0,889,50.96,-0.7274,97404.01,97338.2,-0.067563953475835,SELL,51,40,False,3,3
BTC/USDT,1738893600.0,890,52.56,-0.6345,97575.85,96746.87,-0.8495749716758915,SELL,50,20,True,3,3
BTC/USDT,1738897200.0,891,51.18,-0.578,97444.04,96757.05,-0.705009767657407,SELL,49,20,True,3,3
BTC/USDT,1738900800.0,892,51.08,-0.4969,97434.79,97021.47,-0.42420166349205707,SELL,47,19,False,3,3
BTC/USDT,1738904400.0,893,49.96,-0.3826,97338.2,97295.23,-0.04414505302132273,SELL,46,58,False,3,3
BTC/USDT,1738908000.0,894,43.69,-0.3983,96746.87,97261.51,0.531944857750953,SELL,46,38,False,3,3
BTC/USDT,1738911600.0,895,43.82,-0.3898,96757.05,97750.0,1.0262301300008598,SELL,46,48,False,3,2
BTC/USDT,1738915200.0,896,47.25,-0.3718,97021.47,97963.58,0.9710324941479455,SELL,46,58,False,3,3
BTC/USDT,1738918800.0,897,50.61,-0.2937,97295.23,98828.01,1.5753906948984024,SELL,44,38,False,3,3
BTC/USDT,1738922400.0,898,50.18,-0.2042,97261.51,99710.92,2.5183754601383463,SELL,43,17,False,3,3
BTC/USDT,1738926000.0,899,55.94,-0.1659,97750.0,98283.98,0.5462710997442414,SELL,42,17,False,3,3
BTC/USDT,1738929600.0,900,58.22,-0.1116,97963.58,97827.66,-0.13874543988694396,SELL,42,17,False,3,3
BTC/USDT,1738933200.0,901,65.89,0.0088,98828.01,97434.78,-1.4097521542728584,BUY,40,16,False,3,3
BTC/USDT,1738936800.0,902,71.63,0.1882,99710.92,97751.99,-1.9646092925428758,HOLD,45,58,False,3,3
BTC/USDT,1738940400.0,903,55.41,0.2965,98283.98,96898.56,-1.4096091753712032,BUY,44,38,False,3,3
BTC/USDT,1738944000.0,904,51.41,0.4481,97827.66,95764.31,-2.109168306795855,BUY,47,39,False,3,3
BTC/USDT,1738947600.0,905,48.18,0.5674,97434.78,96011.42,-1.4608335955600256,BUY,49,40,False,3,3
BTC/USDT,1738951200.0,906,50.86,0.6628,97751.99,96062.76,-1.7280773516733627,BUY,50,20,False,3,3
BTC/USDT,1738954800.0,907,44.22,0.6809,96898.56,96506.8,-0.40429909381521745,BUY,50,40,False,3,3
BTC/USDT,1738958400.0,908,37.26,0.5984,95764.31,96650.14,0.9250105806641343,BUY,49,20,True,3,3
BTC/USDT,1738962000.0,909,39.5,0.4651,96011.42,96509.2,0.5184591582959599,BUY,47,19,True,3,3
BTC/USDT,1738965600.0,910,39.97,0.2876,96062.76,96751.01,0.7164586984592156,BUY,44,18,True,3,3
BTC/USDT,1738969200.0,911,44.09,0.0559,96506.8,96699.23,0.19939527577330615,BUY,41,36,False,3,3
BTC/USDT,1738972800.0,912,45.39,-0.2705,96650.14,96300.01,-0.36226538316447826,SELL,44,38,False,3,3
BTC/USDT,1738976400.0,913,44.3,-0.4711,96509.2,96211.08,-0.3089031926489862,SELL,47,19,False,3,3
BTC/USDT,1738980000.0,914,46.67,-0.5759,96751.01,95994.55,-0.7818626389533213,SELL,49,20,True,3,3
BTC/USDT,1738983600.0,915,46.22,-0.6478,96699.23,96209.92,-0.5060123022696228,SELL,50,20,True,3,3
BTC/USDT,1738987200.0,916,42.77,-0.7748,96300.01,95893.84,-0.4217756571364824,SELL,52,21,False,3,3
BTC/USDT,1738990800.0,917,42.01,-0.8339,96211.08,96163.05,-0.04992148513455918,SELL,53,41,False,3,3
BTC/USDT,1738994400.0,918,40.16,-0.7927,95994.55,96050.64,0.0584304004758567,SELL,52,61,False,3,3
BTC/USDT,1738998000.0,919,42.86,-0.7316,96209.92,96120.0,-0.09346229577989282,SELL,51,26,False,3,2
BTC/USDT,1739001600.0,920,40.01,-0.6916,95893.84,96059.24,0.1724824034578329,SELL,50,60,False,3,3
BTC/USDT,1739005200.0,921,43.46,-0.6834,96163.05,96246.7,0.0869876735398827,SELL,50,40,False,3,3
BTC/USDT,1739008800.0,922,42.36,-0.6979,96050.64,96091.34,0.042373481321932985,SELL,50,33,False,3,1
BTC/USDT,1739012400.0,923,43.31,-0.6965,96120.0,95843.74,-0.2874115688722376,SELL,50,25,False,3,2
BTC/USDT,1739016000.0,924,42.65,-0.7444,96059.24,96132.07,0.07581779743416847,SELL,51,26,False,3,2
BTC/USDT,1739019600.0,925,45.43,-0.7737,96246.7,96377.71,0.1361189526498148,SELL,52,61,False,3,3
BTC/USDT,1739023200.0,926,43.55,-0.7634,96091.34,96512.0,0.4377709791537963,SELL,51,26,False,3,2
BTC/USDT,1739026800.0,927,40.65,-0.7518,95843.74,96579.99,0.7681774521737152,SELL,51,40,False,3,3
BTC/USDT,1739030400.0,928,45.22,-0.699,96132.07,96455.92,0.3368802939539232,SELL,50,75,False,3,2
BTC/USDT,1739034000.0,929,48.82,-0.6346,96377.71,96527.36,0.15527449241115415,SELL,50,40,False,3,3
BTC/USDT,1739037600.0,930,50.73,-0.521,96512.0,96473.9,-0.039476956233427785,SELL,48,19,False,3,3
BTC/USDT,1739041200.0,931,51.72,-0.4006,96579.99,96444.74,-0.14003936012004142,SELL,46,58,False,3,3
BTC/USDT,1739044800.0,932,49.77,-0.2466,96455.92,96568.0,0.11619815559273267,SELL,44,18,False,3,3
BTC/USDT,1739048400.0,933,50.91,-0.1438,96527.36,96992.36,0.48172870365459075,SELL,42,17,False,3,3
BTC/USDT,1739052000.0,934,49.99,-0.054,96473.9,96727.31,0.26267208022066435,SELL,41,36,False,3,3
BTC/USDT,1739055600.0,935,49.47,0.0008,96444.74,97300.0,0.8867876050057211,BUY,40,16,True,3,3
BTC/USDT,1739059200.0,936,51.78,0.0913,96568.0,97220.59,0.675782868030814,BUY,41,16,True,3,3
BTC/USDT,1739062800.0,937,58.76,0.2073,96992.36,97029.28,0.03806485376786198,BUY,43,17,False,3,3
BTC/USDT,1739066400.0,938,53.54,0.2357,96727.31,97005.89,0.28800552811817237,BUY,44,38,False,3,3
BTC/USDT,1739070000.0,939,61.5,0.2867,97300.0,97057.83,-0.24889003083247507,BUY,44,38,False,3,3
BTC/USDT,1739073600.0,940,59.96,0.3201,97220.59,97086.0,-0.13843775274352532,BUY,45,38,False,3,3
BTC/USDT,1739077200.0,941,56.32,0.3485,97029.28,96924.53,-0.10795710325790318,BUY,45,38,False,3,3
BTC/USDT,1739080800.0,942,55.87,0.3932,97005.89,96762.01,-0.25140741453947246,BUY,46,48,False,3,2
BTC/USDT,1739084400.0,943,56.7,0.4292,97057.83,96554.01,-0.5190925863477547,BUY,46,48,False,3,2
BTC/USDT,1739088000.0,944,57.16,0.481,97086.0,96535.26,-0.5672702552376298,BUY,47,48,False,3,2
BTC/USDT,1739091600.0,945,53.6,0.5229,96924.53,95877.92,-1.0798195255628278,BUY,48,39,False,3,3
BTC/USDT,1739095200.0,946,50.21,0.527,96762.01,96127.73,-0.6555051925853946,BUY,48,19,False,3,3
BTC/USDT,1739098800.0,947,46.19,0.4696,96554.01,96488.15,-0.0682105279728937,BUY,47,19,False,3,3
BTC/USDT,1739102400.0,948,45.83,0.431,96535.26,96442.16,-0.09644144533302265,BUY,46,23,False,3,2
BTC/USDT,1739106000.0,949,35.48,0.2952,95877.92,96171.17,0.30585769904061333,BUY,44,58,False,3,3
BTC/USDT,1739109600.0,950,40.94,0.1738,96127.73,96212.0,0.08766461040950835,BUY,43,17,False,3,3
BTC/USDT,1739113200.0,951,47.8,0.1065,96488.15,96064.74,-0.43882072565386415,BUY,42,37,False,3,3
BTC/USDT,1739116800.0,952,47.05,0.0346,96442.16,96322.24,-0.12434395911497446,BUY,41,56,False,3,3
BTC/USDT,1739120400.0,953,42.78,-0.059,96171.17,95173.78,-1.0370987479927711,SELL,41,16,True,3,3
BTC/USDT,1739124000.0,954,43.61,-0.1548,96212.0,95831.64,-0.3953353012098289,SELL,42,17,False,3,3
BTC/USDT,1739127600.0,955,41.29,-0.2375,96064.74,96462.75,0.41431434676239665,SELL,44,38,False,3,3
BTC/USDT,1739131200.0,956,46.64,-0.291,96322.24,96717.98,0.41085007989846445,SELL,44,38,False,3,3
BTC/USDT,1739134800.0,957,32.43,-0.4109,95173.78,95576.0,0.4226163970791127,SELL,46,38,False,3,3
BTC/USDT,1739138400.0,958,43.12,-0.4735,95831.64,95798.82,-0.034247561661255546,SELL,47,19,False,3,3
BTC/USDT,1739142000.0,959,51.11,-0.4158,96462.75,96814.98,0.3651461315378174,SELL,46,58,False,3,3
BTC/USDT,1739145600.0,960,53.93,-0.3618,96717.98,96935.46,0.22485994848115157,SELL,45,38,False,3,3
BTC/USDT,1739149200.0,961,42.21,-0.4217,95576.0,97015.26,1.50588013727295,SELL,46,23,False,3,2
BTC/USDT,1739152800.0,962,44.73,-0.4658,95798.82,97142.43,1.4025329330778666,SELL,47,19,False,3,3
BTC/USDT,1739156400.0,963,54.5,-0.409,96814.98,97429.83,0.6350773403041614,SELL,46,48,False,3,2
BTC/USDT,1739160000.0,964,55.5,-0.3499,96935.46,97683.99,0.7721942001409998,SELL,45,22,False,3,2
BTC/USDT,1739163600.0,965,56.19,-0.2711,97015.26,97664.78,0.6695029214991581,SELL,44,38,False,3,3
BTC/USDT,1739167200.0,966,57.32,-0.2059,97142.43,97728.29,0.603093828309628,SELL,43,17,False,3,3
BTC/USDT,1739170800.0,967,59.85,0.0127,97429.83,97661.16,0.23743241674546875,BUY,40,36,False,3,3
BTC/USDT,1739174400.0,968,62.0,0.1714,97683.99,97358.58,-0.3331252132514279,BUY,43,57,False,3,3
BTC/USDT,1739178000.0,969,61.73,0.2833,97664.78,98215.72,0.5641132862839627,BUY,44,18,True,3,3
BTC/USDT,1739181600.0,970,62.31,0.3703,97728.29,97270.64,-0.46828814870289265,BUY,46,48,False,3,2
BTC/USDT,1739185200.0,971,61.25,0.5641,97661.16,97218.69,-0.4530665005412603,BUY,48,19,False,3,3
BTC/USDT,1739188800.0,972,56.58,0.7133,97358.58,97300.75,-0.0593989764435777,BUY,51,40,False,3,3
BTC/USDT,1739192400.0,973,64.77,0.818,98215.72,97500.0,-0.7287224489114382,BUY,52,41,False,3,3
BTC/USDT,1739196000.0,974,52.92,0.8462,97270.64,97549.99,0.2871884054633606,BUY,53,21,False,3,3
BTC/USDT,1739199600.0,975,52.35,0.857,97218.69,97376.0,0.16181045023338378,BUY,53,26,False,3,2
BTC/USDT,1739203200.0,976,53.21,0.8547,97300.75,97331.95,0.032065528785746346,BUY,53,35,False,3,1
BTC/USDT,1739206800.0,977,55.3,0.829,97500.0,97375.81,-0.12737435897436136,BUY,52,21,False,3,3
BTC/USDT,1739210400.0,978,55.83,0.78,97549.99,97390.26,-0.1637416877234026,BUY,52,26,False,3,2
BTC/USDT,1739214000.0,979,53.44,0.6982,97376.0,97430.82,0.056297239566224726,BUY,50,20,False,3,3
BTC/USDT,1739217600.0,980,52.82,0.6155,97331.95,97783.12,0.46353740986387126,BUY,49,20,False,3,3
BTC/USDT,1739221200.0,981,53.4,0.5554,97375.81,97994.23,0.6350858596195486,BUY,48,19,True,3,3
BTC/USDT,1739224800.0,982,53.6,0.5259,97390.26,97764.0,0.38375500794433165,BUY,48,24,False,3,2
BTC/USDT,1739228400.0,983,54.2,0.4014,97430.82,97607.3,0.18113364949612032,BUY,46,38,False,3,3
BTC/USDT,1739232000.0,984,59.13,0.4,97783.12,98064.93,0.2881990265804545,BUY,46,18,False,3,3
BTC/USDT,1739235600.0,985,61.78,0.4134,97994.23,98412.24,0.4265659314839346,BUY,46,38,False,3,3
BTC/USDT,1739239200.0,986,57.4,0.4114,97764.0,98424.33,0.6754326746041506,BUY,46,38,True,3,3
BTC/USDT,1739242800.0,987,54.57,0.3387,97607.3,98268.97,0.6778898709420281,BUY,45,38,True,3,3
BTC/USDT,1739246400.0,988,60.68,0.3148,98064.93,98223.79,0.16199471105521676,BUY,45,18,False,3,3
BTC/USDT,1739250000.0,989,64.57,0.3543,98412.24,97999.99,-0.4189011448169455,BUY,45,38,False,3,3
BTC/USDT,1739253600.0,990,64.7,0.4079,98424.33,97961.25,-0.4704934237296832,BUY,46,23,False,3,2
BTC/USDT,1739257200.0,991,61.55,0.407,98268.97,98151.52,-0.11951890815584726,BUY,46,18,False,3,3
BTC/USDT,1739260800.0,992,60.63,0.4093,98223.79,97766.13,-0.4659360018586017,BUY,46,23,False,3,2
BTC/USDT,1739264400.0,993,56.13,0.4269,97999.99,96799.53,-1.2249593086693238,BUY,46,38,False,3,3
BTC/USDT,1739268000.0,994,55.37,0.41,97961.25,96962.03,-1.0200155673799602,BUY,46,38,False,3,3
BTC/USDT,1739271600.0,995,58.37,0.3872,98151.52,97007.53,-1.1655346753672335,BUY,46,38,False,3,3
